P+I Current,P+I In Default,Penalties,Pending Renewal
64.19,47.11,32.13,41.91
64.92,61.17,45.91,62.42
60.76,48.57,32.665,50.66
67.01,54.22,36.005,52.41
,44.435,26.275,52.400000000000006
58.84,44.74,23.104999999999997,32.41
64.5,50.12,35.01,57.175
60.05,54.92,29.28,49.57
61.06,46.39,31.26,49.66
66.275,51.885000000000005,38.19,64.93
,48.11,28.32,48.155
